feature_type,model,test_mse,test_r2,test_spearman
Physicochemical,RF,1.5366504490793726,0.6548436669094964,0.7873961334007669
Physicochemical,NN,1.7455636965569643,0.6079184013251242,0.739090690919502
ESM-2 650M,RF,1.4581562745334617,0.6724747172706662,0.7855133762582107
ESM-2 650M,NN,1.3497417805429677,0.6968263511910806,0.794627003973811
ESM-2 3B,RF,1.5228577687531657,0.6579417240946781,0.7826056980243353
ESM-2 3B,NN,1.4485376930456697,0.674635204919531,0.788655535866748
Ginkgo AA0,RF,1.4028461842530624,0.6848982505182729,0.7958545508211389
Ginkgo AA0,NN,1.2621263395044608,0.7165061842780889,0.8035072421954228
